START TRANSACTION;

INSERT INTO `channels` (`id`,`name`) VALUES 
    (1,'アニメワールド'),
    (2,'アニメステーション'),
    (3,'ワンデイドラマ'),
    (4,'ドラマギーク'),
    (5,'映画ざんまい'),
    (6,'ニュースチャンネル');

INSERT INTO `genres` (`id`,`name`) VALUES 
    (1,'アニメ'),
    (2,'映画'),
    (3,'ドラマ'),
    (4,'ニュース');

INSERT INTO `programs` (`id`,`title`) VALUES 
    (1,'鬼滅の刃'),
    (2,'機動戦士ガンダム'),
    (3,'けいおん！'),
    (4,'電脳コイル'),
    (5,'新世紀エヴァンゲリオン'),
    (6,'機動戦士ガンダムOO'),
    (7,'ゲームオブスローンズ'),
    (8,'ストレンジャーシングス'),
    (9,'ショーシャンクの空に'),
    (10,'インターステラ'),
    (11,'マッドマックス怒りのデスロード'),
    (12,'2001年宇宙の旅'),
    (13,'タイタニック'),
    (14,'ターミナル'),
    (15,'プラダを着た悪魔'),
    (16,'紅の豚'),
    (17,'今日のニュースチェック'),
    (18,'最新ニュースデイリー'),
    (19,'最新ニュースデイリー'),
    (20,'グローバルニュース'),
    (21,'ニュース360'),
    (22,'トイストーリー3');
    
    
INSERT INTO `program_genres` (`id`,`program_id`,`genre_id`) VALUES
    (1,1,1),
    (2,2,1),
    (3,3,1),
    (4,4,1),
    (5,5,1),
    (6,6,1),
    (7,7,2),
    (8,8,2),
    (9,9,3),
    (10,10,3),
    (11,11,3),
    (12,12,3),
    (13,13,3),
    (14,14,3),
    (15,15,3),
    (16,16,1),
    (17,16,3),
    (20,17,4),
    (21,18,4),
    (22,19,4),
    (23,20,4),
    (24,21,4),
    (18,22,1),
    (19,22,3);


INSERT INTO `seasons` (`id`,`program_id`,`season_number`) VALUES 
    (1,1,1),
    (2,1,2),
    (3,2,1),
    (4,3,1),
    (5,3,2),
    (6,4,1),
    (7,5,1),
    (8,6,1),
    (9,6,2),
    (10,7,1),
    (11,7,2),
    (12,7,3),
    (13,7,4),
    (14,7,5),
    (15,7,6),
    (16,7,7),
    (17,7,8),
    (18,8,1),
    (19,8,2),
    (20,8,3),
    (21,8,4),
    (22,9,1),
    (23,10,1),
    (24,11,1),
    (25,12,1),
    (26,13,1),
    (27,14,1),
    (28,15,1),
    (29,16,1),
    (30,17,1),
    (31,18,1),
    (32,19,1),
    (33,20,1),
    (34,21,1),
    (35,22,1);


INSERT INTO `episodes` (`id`,`season_id`,`episode_number`,`title`,`description`,`duration_min`,`release_date`,`views`,`is_singleEp`) VALUES 
    (1,1,1,'残酷','鬼滅の刃の第1話の詳細',24,'2019-04-06',1000,0),
    (2,1,2,'育手・鱗滝左近次','鬼滅の刃の第2話の詳細',24,'2019-04-13',950,0),
    (3,1,3,'錆兎と真菰','鬼滅の刃の第3話の詳細',24,'2019-04-20',900,0),
    (4,1,4,'最終選別','鬼滅の刃の第4話の詳細',24,'2019-04-27',870,0),
    (5,1,5,'己の鋼','鬼滅の刃の第5話の詳細',24,'2019-05-04',850,0),
    (6,1,6,'鬼を連れた剣士','鬼滅の刃の第6話の詳細',24,'2019-05-11',840,0),
    (7,1,7,'鬼舞辻無慘','鬼滅の刃の第7話の詳細',24,'2019-05-18',830,0),
    (8,1,8,'幻惑の血の香り','鬼滅の刃の第8話の詳細',24,'2019-05-25',820,0),
    (9,1,9,'手毬鬼と矢印鬼','鬼滅の刃の第9話の詳細',24,'2019-06-01',810,0),
    (10,1,10,'ずっと一緒にいる','鬼滅の刃の第10話の詳細',24,'2019-06-08',800,0),
    (11,1,11,'鼓の屋敷','鬼滅の刃の第11話の詳細',24,'2019-06-15',790,0),
    (12,1,12,'猪は牙を剥き 善逸は眠る','鬼滅の刃の第12話の詳細',24,'2019-06-22',780,0),
    (13,1,13,'命より大事なもの','鬼滅の刃の第13話の詳細',24,'2019-06-29',770,0),
    (14,1,14,'藤の花の家紋の家','鬼滅の刃の第14話の詳細',24,'2019-07-06',760,0),
    (15,1,15,'那田蜘蛛山','鬼滅の刃の第15話の詳細',24,'2019-07-13',750,0),
    (16,1,16,'自分ではない誰かを前へ','鬼滅の刃の第16話の詳細',24,'2019-07-20',740,0),
    (17,1,17,'ひとつのことを極め抜け','鬼滅の刃の第17話の詳細',24,'2019-07-27',730,0),
    (18,1,18,'偽物の絆','鬼滅の刃の第18話の詳細',24,'2019-08-03',720,0),
    (19,1,19,'ヒノカミ','鬼滅の刃の第19話の詳細',24,'2019-08-10',710,0),
    (20,1,20,'寄せ集めの家族','鬼滅の刃の第20話の詳細',24,'2019-08-17',700,0),
    (21,1,21,'隊律違反','鬼滅の刃の第21話の詳細',24,'2019-08-24',690,0),
    (22,1,22,'お館様','鬼滅の刃の第22話の詳細',24,'2019-08-31',680,0),
    (23,1,23,'柱合会議','鬼滅の刃の第23話の詳細',24,'2019-09-07',670,0),
    (24,1,24,'機能回復訓練','鬼滅の刃の第24話の詳細',24,'2019-09-14',660,0),
    (25,1,25,'継子・栗花落カナヲ','鬼滅の刃の第25話の詳細',24,'2019-09-21',650,0),
    (26,1,26,'新たなる任務','鬼滅の刃の第26話の詳細',24,'2019-09-28',640,0),
    (27,2,1,'音柱・宇髄天元','鬼滅の刃の第2シーズンの第1話の詳細',24,'2021-12-05',1200,0),
    (28,2,2,'遊郭潜入','鬼滅の刃の第2シーズンの第2話の詳細',24,'2021-12-12',1150,0),
    (29,2,3,'重なる記憶','鬼滅の刃の第2シーズンの第3話の詳細',24,'2021-12-19',1100,0),
    (30,2,4,'無限列車','鬼滅の刃の第2シーズンの第4話の詳細',24,'2021-12-26',1050,0),
    (31,2,5,'破滅の刃','鬼滅の刃の第2シーズンの第5話の詳細',24,'2022-01-02',1000,0),
    (32,2,6,'戦慄の瞬間','鬼滅の刃の第2シーズンの第6話の詳細',24,'2022-01-09',950,0),
    (33,2,7,'燃える刃','鬼滅の刃の第2シーズンの第7話の詳細',24,'2022-01-16',900,0),
    (34,2,8,'堕姫','鬼滅の刃の第2シーズンの第8話の詳細',24,'2022-01-23',850,0),
    (35,2,9,'憎しみの刃','鬼滅の刃の第2シーズンの第9話の詳細',24,'2022-01-30',800,0),
    (36,2,10,'生生流転','鬼滅の刃の第2シーズンの第10話の詳細',24,'2022-02-06',750,0),
    (37,2,11,'終幕','鬼滅の刃の第2シーズンの第11話の詳細',24,'2022-02-13',700,0),
    (38,3,1,'ガンダム大地に立つ!!','機動戦士ガンダムの第1話の詳細',24,'1979-04-07',1000,0),
    (39,3,2,'ガンキャノン出撃せよ','機動戦士ガンダムの第2話の詳細',24,'1979-04-14',950,0),
    (40,3,3,'敵の補給艦を叩け!','機動戦士ガンダムの第3話の詳細',24,'1979-04-21',900,0),
    (41,3,4,'ルナツー脱出作戦','機動戦士ガンダムの第4話の詳細',24,'1979-04-28',870,0),
    (42,3,5,'大気圏突入','機動戦士ガンダムの第5話の詳細',24,'1979-05-05',850,0),
    (43,3,6,'ガルマ出撃す','機動戦士ガンダムの第6話の詳細',24,'1979-05-12',840,0),
    (44,3,7,'コアファイターの脱出','機動戦士ガンダムの第7話の詳細',24,'1979-05-19',830,0),
    (45,3,8,'いざシャア・アズナブル','機動戦士ガンダムの第8話の詳細',24,'1979-05-26',820,0),
    (46,3,9,'翔べ! ガンダム','機動戦士ガンダムの第9話の詳細',24,'1979-06-02',810,0),
    (47,3,10,'ガルマ散る','機動戦士ガンダムの第10話の詳細',24,'1979-06-09',800,0),
    (48,3,11,'イセリナ、恋のあと','機動戦士ガンダムの第11話の詳細',24,'1979-06-16',790,0),
    (49,3,12,'ジオンの脅威','機動戦士ガンダムの第12話の詳細',24,'1979-06-23',780,0),
    (50,3,13,'再会、母よ…','機動戦士ガンダムの第13話の詳細',24,'1979-06-30',770,0),
    (51,3,14,'時間よ、とまれ','機動戦士ガンダムの第14話の詳細',24,'1979-07-07',760,0),
    (52,3,15,'ククルス・ドアンの島','機動戦士ガンダムの第15話の詳細',24,'1979-07-14',750,0),
    (53,3,16,'セイラ出撃','機動戦士ガンダムの第16話の詳細',24,'1979-07-21',740,0),
    (54,3,17,'アムロ脱走','機動戦士ガンダムの第17話の詳細',24,'1979-07-28',730,0),
    (55,3,18,'灼熱のアッザム・リーダー','機動戦士ガンダムの第18話の詳細',24,'1979-08-04',720,0),
    (56,3,19,'ランバ・ラル特攻!','機動戦士ガンダムの第19話の詳細',24,'1979-08-11',710,0),
    (57,3,20,'死闘!ホワイト・ベース','機動戦士ガンダムの第20話の詳細',24,'1979-08-18',700,0),
    (58,3,21,'激闘は憎しみ深く','機動戦士ガンダムの第21話の詳細',24,'1979-08-25',690,0),
    (59,3,22,'マ・クベ包囲網を破れ!','機動戦士ガンダムの第22話の詳細',24,'1979-09-01',680,0),
    (60,3,23,'マチルダ救出作戦','機動戦士ガンダムの第23話の詳細',24,'1979-09-08',670,0),
    (61,3,24,'追撃!トリプル・ドム','機動戦士ガンダムの第24話の詳細',24,'1979-09-15',660,0),
    (62,3,25,'オデッサの激戦','機動戦士ガンダムの第25話の詳細',24,'1979-09-22',650,0),
    (63,3,26,'復活のシャア','機動戦士ガンダムの第26話の詳細',24,'1979-09-29',640,0),
    (64,3,27,'女スパイ潜入!','機動戦士ガンダムの第27話の詳細',24,'1979-10-06',630,0),
    (65,3,28,'大西洋、血に染めて','機動戦士ガンダムの第28話の詳細',24,'1979-10-13',620,0),
    (66,3,29,'ジャブローに散る!','機動戦士ガンダムの第29話の詳細',24,'1979-10-20',610,0),
    (67,3,30,'小さな防衛線','機動戦士ガンダムの第30話の詳細',24,'1979-10-27',600,0),
    (68,3,31,'ザンジバル、追撃!','機動戦士ガンダムの第31話の詳細',24,'1979-11-03',590,0),
    (69,3,32,'強行突破作戦','機動戦士ガンダムの第32話の詳細',24,'1979-11-10',580,0),
    (70,3,33,'コンスコン強襲','機動戦士ガンダムの第33話の詳細',24,'1979-11-17',570,0),
    (71,3,34,'宿命の戦い','機動戦士ガンダムの第34話の詳細',24,'1979-11-24',560,0),
    (72,3,35,'ソロモン攻略戦','機動戦士ガンダムの第35話の詳細',24,'1979-12-01',550,0),
    (73,3,36,'恐怖!機動ビグ・ザム','機動戦士ガンダムの第36話の詳細',24,'1979-12-08',540,0),
    (74,3,37,'テキサスの攻防','機動戦士ガンダムの第37話の詳細',24,'1979-12-15',530,0),
    (75,3,38,'再会、シャアとセイラ','機動戦士ガンダムの第38話の詳細',24,'1979-12-22',520,0),
    (76,3,39,'ニュータイプ、シャリア・ブル','機動戦士ガンダムの第39話の詳細',24,'1979-12-29',510,0),
    (77,3,40,'エルメスのララァ','機動戦士ガンダムの第40話の詳細',24,'1980-01-05',500,0),
    (78,3,41,'光る宇宙','機動戦士ガンダムの第41話の詳細',24,'1980-01-12',490,0),
    (79,3,42,'宇宙要塞ア・バオア・クー','機動戦士ガンダムの第42話の詳細',24,'1980-01-19',480,0),
    (80,3,43,'脱出','機動戦士ガンダムの第43話の詳細',24,'1980-01-26',470,0),
    (81,4,1,'廃部!','けいおん！の第1話の詳細',24,'2009-04-02',1000,0),
    (82,4,2,'楽器!','けいおん！の第2話の詳細',24,'2009-04-09',950,0),
    (83,4,3,'特訓!','けいおん！の第3話の詳細',24,'2009-04-16',900,0),
    (84,4,4,'合宿!','けいおん！の第4話の詳細',24,'2009-04-23',870,0),
    (85,4,5,'顧問!','けいおん！の第5話の詳細',24,'2009-04-30',850,0),
    (86,4,6,'学園祭!','けいおん！の第6話の詳細',24,'2009-05-07',830,0),
    (87,4,7,'クリスマス!','けいおん！の第7話の詳細',24,'2009-05-14',820,0),
    (88,4,8,'新歓!','けいおん！の第8話の詳細',24,'2009-05-21',810,0),
    (89,4,9,'新入部員!','けいおん！の第9話の詳細',24,'2009-05-28',800,0),
    (90,4,10,'また合宿!','けいおん！の第10話の詳細',24,'2009-06-04',790,0),
    (91,4,11,'ピンチ!','けいおん！の第11話の詳細',24,'2009-06-11',780,0),
    (92,4,12,'軽音!','けいおん！の第12話の詳細',24,'2009-06-18',770,0),
    (93,4,13,'最終回!','けいおん！の第13話の詳細',24,'2009-06-25',760,0),
    (94,5,1,'優子と勇子','電脳コイルの第1話の詳細',24,'2007-05-12',1000,0),
    (95,5,2,'コイル電脳探偵局','電脳コイルの第2話の詳細',24,'2007-05-19',950,0),
    (96,5,3,'優子と京子','電脳コイルの第3話の詳細',24,'2007-05-26',900,0),
    (97,5,4,'大黒市黒客','電脳コイルの第4話の詳細',24,'2007-06-02',870,0),
    (98,5,5,'メガばあ','電脳コイルの第5話の詳細',24,'2007-06-09',850,0),
    (99,5,6,'赤いオートマトン','電脳コイルの第6話の詳細',24,'2007-06-16',830,0),
    (100,5,7,'出動!! コイル探偵局','電脳コイルの第7話の詳細',24,'2007-06-23',820,0),
    (101,5,8,'夏休みの街','電脳コイルの第8話の詳細',24,'2007-06-30',810,0),
    (102,5,9,'アキラ探偵局','電脳コイルの第9話の詳細',24,'2007-07-07',800,0),
    (103,5,10,'カンナの日記','電脳コイルの第10話の詳細',24,'2007-07-14',790,0),
    (104,5,11,'沈没! 大黒市','電脳コイルの第11話の詳細',24,'2007-07-21',780,0),
    (105,5,12,'ダイチ、発進せよ!','電脳コイルの第12話の詳細',24,'2007-07-28',770,0),
    (106,5,13,'最後の夏休み','電脳コイルの第13話の詳細',24,'2007-08-04',760,0),
    (107,5,14,'あっちのミチコさん','電脳コイルの第14話の詳細',24,'2007-08-11',750,0),
    (108,5,15,'長い夜','電脳コイルの第15話の詳細',24,'2007-08-18',740,0),
    (109,5,16,'イサコの病室','電脳コイルの第16話の詳細',24,'2007-08-25',730,0),
    (110,5,17,'最後のコイル','電脳コイルの第17話の詳細',24,'2007-09-01',720,0),
    (111,5,18,'異邦人','電脳コイルの第18話の詳細',24,'2007-09-08',710,0),
    (112,5,19,'ハラケンの想い','電脳コイルの第19話の詳細',24,'2007-09-15',700,0),
    (113,5,20,'黒いオートマトン','電脳コイルの第20話の詳細',24,'2007-09-22',690,0),
    (114,5,21,'ヤサコとイサコ','電脳コイルの第21話の詳細',24,'2007-09-29',680,0),
    (115,5,22,'復活!大黒市探偵局','電脳コイルの第22話の詳細',24,'2007-10-06',670,0),
    (116,5,23,'謎の青いオートマトン','電脳コイルの第23話の詳細',24,'2007-10-13',660,0),
    (117,5,24,'メガネを外して','電脳コイルの第24話の詳細',24,'2007-10-20',650,0),
    (118,5,25,'カンナの鍵','電脳コイルの第25話の詳細',24,'2007-10-27',640,0),
    (119,5,26,'ヤサコとイサコ','電脳コイルの第26話の詳細',24,'2007-11-03',630,0),
    (120,6,1,'使徒、襲来','新世紀エヴァンゲリオンの第1話の詳細',24,'1995-10-04',1000,0),
    (121,6,2,'見知らぬ、天井','新世紀エヴァンゲリオンの第2話の詳細',24,'1995-10-11',950,0),
    (122,6,3,'鳴らない、電話','新世紀エヴァンゲリオンの第3話の詳細',24,'1995-10-18',900,0),
    (123,6,4,'雨、逃げ出した後','新世紀エヴァンゲリオンの第4話の詳細',24,'1995-10-25',870,0),
    (124,6,5,'レイ、心のむこうに','新世紀エヴァンゲリオンの第5話の詳細',24,'1995-11-01',850,0),
    (125,6,6,'決戦、第3新東京市','新世紀エヴァンゲリオンの第6話の詳細',24,'1995-11-08',830,0),
    (126,6,7,'人の造りしもの','新世紀エヴァンゲリオンの第7話の詳細',24,'1995-11-15',820,0),
    (127,6,8,'アスカ、来日','新世紀エヴァンゲリオンの第8話の詳細',24,'1995-11-22',810,0),
    (128,6,9,'瞬間、心、重ねて','新世紀エヴァンゲリオンの第9話の詳細',24,'1995-11-29',800,0),
    (129,6,10,'マグマダイバー','新世紀エヴァンゲリオンの第10話の詳細',24,'1995-12-06',790,0),
    (130,6,11,'静止した闇の中で','新世紀エヴァンゲリオンの第11話の詳細',24,'1995-12-13',780,0),
    (131,6,12,'奇跡の価値は','新世紀エヴァンゲリオンの第12話の詳細',24,'1995-12-20',770,0),
    (132,6,13,'使徒、侵入','新世紀エヴァンゲリオンの第13話の詳細',24,'1995-12-27',760,0),
    (133,6,14,'ゼーレ、魂の座','新世紀エヴァンゲリオンの第14話の詳細',24,'1996-01-03',750,0),
    (134,6,15,'嘘と沈黙','新世紀エヴァンゲリオンの第15話の詳細',24,'1996-01-10',740,0),
    (135,6,16,'死に至る病、そして','新世紀エヴァンゲリオンの第16話の詳細',24,'1996-01-17',730,0),
    (136,6,17,'四人目の適格者','新世紀エヴァンゲリオンの第17話の詳細',24,'1996-01-24',720,0),
    (137,6,18,'命の選択を','新世紀エヴァンゲリオンの第18話の詳細',24,'1996-01-31',710,0),
    (138,6,19,'男の戰い','新世紀エヴァンゲリオンの第19話の詳細',24,'1996-02-07',700,0),
    (139,6,20,'心のかたち 人のかたち','新世紀エヴァンゲリオンの第20話の詳細',24,'1996-02-14',690,0),
    (140,6,21,'ネルフ、誕生','新世紀エヴァンゲリオンの第21話の詳細',24,'1996-02-21',680,0),
    (141,6,22,'せめて、人間らしく','新世紀エヴァンゲリオンの第22話の詳細',24,'1996-02-28',670,0),
    (142,6,23,'涙','新世紀エヴァンゲリオンの第23話の詳細',24,'1996-03-06',660,0),
    (143,6,24,'最後のシ者','新世紀エヴァンゲリオンの第24話の詳細',24,'1996-03-13',650,0),
    (144,6,25,'終わる世界','新世紀エヴァンゲリオンの第25話の詳細',24,'1996-03-20',640,0),
    (145,6,26,'世界の中心でアイを叫んだけもの','新世紀エヴァンゲリオンの第26話の詳細',24,'1996-03-27',630,0),
    (146,7,1,'ソレスタルビーイング','機動戦士ガンダムOOの第1話の詳細',24,'2007-10-06',1000,0),
    (147,7,2,'ガンダムマイスター','機動戦士ガンダムOOの第2話の詳細',24,'2007-10-13',950,0),
    (148,7,3,'変わる世界','機動戦士ガンダムOOの第3話の詳細',24,'2007-10-20',900,0),
    (149,7,4,'対外折衝','機動戦士ガンダムOOの第4話の詳細',24,'2007-10-27',870,0),
    (150,7,5,'限界離脱領域','機動戦士ガンダムOOの第5話の詳細',24,'2007-11-03',850,0),
    (151,7,6,'セブンソード','機動戦士ガンダムOOの第6話の詳細',24,'2007-11-10',830,0),
    (152,7,7,'報われぬ魂','機動戦士ガンダムOOの第7話の詳細',24,'2007-11-17',820,0),
    (153,7,8,'無差別報復','機動戦士ガンダムOOの第8話の詳細',24,'2007-11-24',810,0),
    (154,7,9,'大国の威信','機動戦士ガンダムOOの第9話の詳細',24,'2007-12-01',800,0),
    (155,7,10,'ガンダム鹵獲作戦','機動戦士ガンダムOOの第10話の詳細',24,'2007-12-08',790,0),
    (156,7,11,'アレルヤ','機動戦士ガンダムOOの第11話の詳細',24,'2007-12-15',780,0),
    (157,7,12,'教義の果てに','機動戦士ガンダムOOの第12話の詳細',24,'2007-12-22',770,0),
    (158,7,13,'聖者の帰還','機動戦士ガンダムOOの第13話の詳細',24,'2007-12-29',760,0),
    (159,7,14,'決意の朝','機動戦士ガンダムOOの第14話の詳細',24,'2008-01-05',750,0),
    (160,7,15,'折れた翼','機動戦士ガンダムOOの第15話の詳細',24,'2008-01-12',740,0),
    (161,7,16,'トリニティ','機動戦士ガンダムOOの第16話の詳細',24,'2008-01-19',730,0),
    (162,7,17,'スローネ強襲','機動戦士ガンダムOOの第17話の詳細',24,'2008-01-26',720,0),
    (163,7,18,'悪意の矛先','機動戦士ガンダムOOの第18話の詳細',24,'2008-02-02',710,0),
    (164,7,19,'絆','機動戦士ガンダムOOの第19話の詳細',24,'2008-02-09',700,0),
    (165,7,20,'変革の刃','機動戦士ガンダムOOの第20話の詳細',24,'2008-02-16',690,0),
    (166,7,21,'滅びの道','機動戦士ガンダムOOの第21話の詳細',24,'2008-02-23',680,0),
    (167,7,22,'トランザム','機動戦士ガンダムOOの第22話の詳細',24,'2008-03-01',670,0),
    (168,7,23,'世界を止めて','機動戦士ガンダムOOの第23話の詳細',24,'2008-03-08',660,0),
    (169,7,24,'終わりなき詩','機動戦士ガンダムOOの第24話の詳細',24,'2008-03-15',650,0),
    (170,7,25,'刹那','機動戦士ガンダムOOの第25話の詳細',24,'2008-03-22',640,0),
    (171,8,1,'高3!','けいおん！シーズン2の第1話の詳細',24,'2010-04-06',1000,0),
    (172,8,2,'整う日々','けいおん！シーズン2の第2話の詳細',24,'2010-04-13',950,0),
    (173,8,3,'ドラマー!','けいおん！シーズン2の第3話の詳細',24,'2010-04-20',900,0),
    (174,8,4,'修学旅行!','けいおん！シーズン2の第4話の詳細',24,'2010-04-27',870,0),
    (175,8,5,'お留守番!','けいおん！シーズン2の第5話の詳細',24,'2010-05-04',850,0),
    (176,8,6,'梅雨!','けいおん！シーズン2の第6話の詳細',24,'2010-05-11',830,0),
    (177,8,7,'お茶会!','けいおん！シーズン2の第7話の詳細',24,'2010-05-18',820,0),
    (178,8,8,'進路!','けいおん！シーズン2の第8話の詳細',24,'2010-05-25',810,0),
    (179,8,9,'期末試験!','けいおん！シーズン2の第9話の詳細',24,'2010-06-01',800,0),
    (180,8,10,'卒業アルバム!','けいおん！シーズン2の第10話の詳細',24,'2010-06-08',790,0),
    (181,8,11,'暑い!','けいおん！シーズン2の第11話の詳細',24,'2010-06-15',780,0),
    (182,8,12,'夏祭り!','けいおん！シーズン2の第12話の詳細',24,'2010-06-22',770,0),
    (183,8,13,'残暑見舞い!','けいおん！シーズン2の第13話の詳細',24,'2010-06-29',760,0),
    (184,8,14,'夏期講習!','けいおん！シーズン2の第14話の詳細',24,'2010-07-06',750,0),
    (185,8,15,'マラソン大会!','けいおん！シーズン2の第15話の詳細',24,'2010-07-13',740,0),
    (186,8,16,'先輩!','けいおん！シーズン2の第16話の詳細',24,'2010-07-20',730,0),
    (187,8,17,'部室がない!','けいおん！シーズン2の第17話の詳細',24,'2010-07-27',720,0),
    (188,8,18,'期末試験!','けいおん！シーズン2の第18話の詳細',24,'2010-08-03',710,0),
    (189,8,19,'ろくが!','けいおん！シーズン2の第19話の詳細',24,'2010-08-10',700,0),
    (190,8,20,'また合宿!','けいおん！シーズン2の第20話の詳細',24,'2010-08-17',690,0),
    (191,8,21,'卒業式!','けいおん！シーズン2の第21話の詳細',24,'2010-08-24',680,0),
    (192,8,22,'ありがとう!','けいおん！シーズン2の第22話の詳細',24,'2010-08-31',670,0),
    (193,8,23,'放課後!','けいおん！シーズン2の第23話の詳細',24,'2010-09-07',660,0),
    (194,8,24,'卒業旅行!','けいおん！シーズン2の第24話の詳細',24,'2010-09-14',650,0),
    (195,8,25,'卒業ライブ!','けいおん！シーズン2の第25話の詳細',24,'2010-09-21',640,0),
    (196,8,26,'学園祭!','けいおん！シーズン2の第26話の詳細',24,'2010-09-28',630,0),
    (197,9,1,'天使再臨','機動戦士ガンダムOOシーズン2の第1話の詳細',24,'2008-10-05',1000,0),
    (198,9,2,'ツインドライヴ','機動戦士ガンダムOOシーズン2の第2話の詳細',24,'2008-10-12',950,0),
    (199,9,3,'アレルヤ奪還作戦','機動戦士ガンダムOOシーズン2の第3話の詳細',24,'2008-10-19',900,0),
    (200,9,4,'戦う理由','機動戦士ガンダムOOシーズン2の第4話の詳細',24,'2008-10-26',870,0),
    (201,9,5,'故国燃ゆ','機動戦士ガンダムOOシーズン2の第5話の詳細',24,'2008-11-02',850,0),
    (202,9,6,'傷痕','機動戦士ガンダムOOシーズン2の第6話の詳細',24,'2008-11-09',830,0),
    (203,9,7,'再会と離別と','機動戦士ガンダムOOシーズン2の第7話の詳細',24,'2008-11-16',820,0),
    (204,9,8,'無垢なる歪み','機動戦士ガンダムOOシーズン2の第8話の詳細',24,'2008-11-23',810,0),
    (205,9,9,'拭えぬ過去','機動戦士ガンダムOOシーズン2の第9話の詳細',24,'2008-11-30',800,0),
    (206,9,10,'天の光','機動戦士ガンダムOOシーズン2の第10話の詳細',24,'2008-12-07',790,0),
    (207,9,11,'ダブルオーの声','機動戦士ガンダムOOシーズン2の第11話の詳細',24,'2008-12-14',780,0),
    (208,9,12,'宇宙で待ってる','機動戦士ガンダムOOシーズン2の第12話の詳細',24,'2008-12-21',770,0),
    (209,9,13,'メメントモリ攻略戦','機動戦士ガンダムOOシーズン2の第13話の詳細',24,'2008-12-28',760,0),
    (210,9,14,'歌が聞こえる','機動戦士ガンダムOOシーズン2の第14話の詳細',24,'2009-01-04',750,0),
    (211,9,15,'反抗の凱歌','機動戦士ガンダムOOシーズン2の第15話の詳細',24,'2009-01-11',740,0),
    (212,9,16,'悲劇への序章','機動戦士ガンダムOOシーズン2の第16話の詳細',24,'2009-01-18',730,0),
    (213,9,17,'散りゆく光の中で','機動戦士ガンダムOOシーズン2の第17話の詳細',24,'2009-01-25',720,0),
    (214,9,18,'交錯する想い','機動戦士ガンダムOOシーズン2の第18話の詳細',24,'2009-02-01',710,0),
    (215,9,19,'イノベイターの影','機動戦士ガンダムOOシーズン2の第19話の詳細',24,'2009-02-08',700,0),
    (216,9,20,'アニュー・リターン','機動戦士ガンダムOOシーズン2の第20話の詳細',24,'2009-02-15',690,0),
    (217,9,21,'革新の扉','機動戦士ガンダムOOシーズン2の第21話の詳細',24,'2009-02-22',680,0),
    (218,9,22,'未来のために','機動戦士ガンダムOOシーズン2の第22話の詳細',24,'2009-03-01',670,0),
    (219,9,23,'命の華','機動戦士ガンダムOOシーズン2の第23話の詳細',24,'2009-03-08',660,0),
    (220,9,24,'BEYOND','機動戦士ガンダムOOシーズン2の第24話の詳細',24,'2009-03-15',650,0),
    (221,9,25,'再生','機動戦士ガンダムOOシーズン2の第25話の詳細',24,'2009-03-22',640,0),
    (222,9,1,'天使再臨','機動戦士ガンダムOOシーズン2の第1話の詳細',24,'2008-10-05',1000,0),
    (223,9,2,'ツインドライヴ','機動戦士ガンダムOOシーズン2の第2話の詳細',24,'2008-10-12',950,0),
    (224,9,3,'アレルヤ奪還作戦','機動戦士ガンダムOOシーズン2の第3話の詳細',24,'2008-10-19',900,0),
    (225,9,4,'戦う理由','機動戦士ガンダムOOシーズン2の第4話の詳細',24,'2008-10-26',870,0),
    (226,9,5,'故国燃ゆ','機動戦士ガンダムOOシーズン2の第5話の詳細',24,'2008-11-02',850,0),
    (227,9,6,'傷痕','機動戦士ガンダムOOシーズン2の第6話の詳細',24,'2008-11-09',830,0),
    (228,9,7,'再会と離別と','機動戦士ガンダムOOシーズン2の第7話の詳細',24,'2008-11-16',820,0),
    (229,9,8,'無垢なる歪み','機動戦士ガンダムOOシーズン2の第8話の詳細',24,'2008-11-23',810,0),
    (230,9,9,'拭えぬ過去','機動戦士ガンダムOOシーズン2の第9話の詳細',24,'2008-11-30',800,0),
    (231,9,10,'天の光','機動戦士ガンダムOOシーズン2の第10話の詳細',24,'2008-12-07',790,0),
    (232,9,11,'ダブルオーの声','機動戦士ガンダムOOシーズン2の第11話の詳細',24,'2008-12-14',780,0),
    (233,9,12,'宇宙で待ってる','機動戦士ガンダムOOシーズン2の第12話の詳細',24,'2008-12-21',770,0),
    (234,9,13,'メメントモリ攻略戦','機動戦士ガンダムOOシーズン2の第13話の詳細',24,'2008-12-28',760,0),
    (235,9,14,'歌が聞こえる','機動戦士ガンダムOOシーズン2の第14話の詳細',24,'2009-01-04',750,0),
    (236,9,15,'反抗の凱歌','機動戦士ガンダムOOシーズン2の第15話の詳細',24,'2009-01-11',740,0),
    (237,9,16,'悲劇への序章','機動戦士ガンダムOOシーズン2の第16話の詳細',24,'2009-01-18',730,0),
    (238,9,17,'散りゆく光の中で','機動戦士ガンダムOOシーズン2の第17話の詳細',24,'2009-01-25',720,0),
    (239,9,18,'交錯する想い','機動戦士ガンダムOOシーズン2の第18話の詳細',24,'2009-02-01',710,0),
    (240,9,19,'イノベイターの影','機動戦士ガンダムOOシーズン2の第19話の詳細',24,'2009-02-08',700,0),
    (241,9,20,'アニュー・リターン','機動戦士ガンダムOOシーズン2の第20話の詳細',24,'2009-02-15',690,0),
    (242,9,21,'革新の扉','機動戦士ガンダムOOシーズン2の第21話の詳細',24,'2009-02-22',680,0),
    (243,9,22,'未来のために','機動戦士ガンダムOOシーズン2の第22話の詳細',24,'2009-03-01',670,0),
    (244,9,23,'命の華','機動戦士ガンダムOOシーズン2の第23話の詳細',24,'2009-03-08',660,0),
    (245,9,24,'BEYOND','機動戦士ガンダムOOシーズン2の第24話の詳細',24,'2009-03-15',650,0),
    (246,9,25,'再生','機動戦士ガンダムOOシーズン2の第25話の詳細',24,'2009-03-22',640,0),
    (247,10,1,'Winter Is Coming','ゲーム・オブ・スローンズの第1話の詳細',60,'2011-04-17',1500,0),
    (248,10,2,'The Kingsroad','ゲーム・オブ・スローンズの第2話の詳細',60,'2011-04-24',1450,0),
    (249,10,3,'Lord Snow','ゲーム・オブ・スローンズの第3話の詳細',60,'2011-05-01',1400,0),
    (250,10,4,'Cripples, Bastards, and Broken Things','ゲーム・オブ・スローンズの第4話の詳細',60,'2011-05-08',1350,0),
    (251,10,5,'The Wolf and the Lion','ゲーム・オブ・スローンズの第5話の詳細',60,'2011-05-15',1300,0),
    (252,10,6,'A Golden Crown','ゲーム・オブ・スローンズの第6話の詳細',60,'2011-05-22',1250,0),
    (253,10,7,'You Win or You Die','ゲーム・オブ・スローンズの第7話の詳細',60,'2011-05-29',1200,0),
    (254,10,8,'The Pointy End','ゲーム・オブ・スローンズの第8話の詳細',60,'2011-06-05',1150,0),
    (255,10,9,'Baelor','ゲーム・オブ・スローンズの第9話の詳細',60,'2011-06-12',1100,0),
    (256,10,10,'Fire and Blood','ゲーム・オブ・スローンズの第10話の詳細',60,'2011-06-19',1050,0),
    (257,11,1,'The North Remembers','ゲーム・オブ・スローンズの第1話の詳細',60,'2012-04-01',1500,0),
    (258,11,2,'The Night Lands','ゲーム・オブ・スローンズの第2話の詳細',60,'2012-04-08',1450,0),
    (259,11,3,'What Is Dead May Never Die','ゲーム・オブ・スローンズの第3話の詳細',60,'2012-04-15',1400,0),
    (260,11,4,'Garden of Bones','ゲーム・オブ・スローンズの第4話の詳細',60,'2012-04-22',1350,0),
    (261,11,5,'The Ghost of Harrenhal','ゲーム・オブ・スローンズの第5話の詳細',60,'2012-04-29',1300,0),
    (262,11,6,'The Old Gods and the New','ゲーム・オブ・スローンズの第6話の詳細',60,'2012-05-06',1250,0),
    (263,11,7,'A Man Without Honor','ゲーム・オブ・スローンズの第7話の詳細',60,'2012-05-13',1200,0),
    (264,11,8,'The Prince of Winterfell','ゲーム・オブ・スローンズの第8話の詳細',60,'2012-05-20',1150,0),
    (265,11,9,'Blackwater','ゲーム・オブ・スローンズの第9話の詳細',60,'2012-05-27',1100,0),
    (266,11,10,'Valar Morghulis','ゲーム・オブ・スローンズの第10話の詳細',60,'2012-06-03',1050,0),
    (267,12,1,'Valar Dohaeris','ゲーム・オブ・スローンズの第1話の詳細',60,'2013-03-31',1500,0),
    (268,12,2,'Dark Wings, Dark Words','ゲーム・オブ・スローンズの第2話の詳細',60,'2013-04-07',1450,0),
    (269,12,3,'Walk of Punishment','ゲーム・オブ・スローンズの第3話の詳細',60,'2013-04-14',1400,0),
    (270,12,4,'And Now His Watch Is Ended','ゲーム・オブ・スローンズの第4話の詳細',60,'2013-04-21',1350,0),
    (271,12,5,'Kissed by Fire','ゲーム・オブ・スローンズの第5話の詳細',60,'2013-04-28',1300,0),
    (272,12,6,'The Climb','ゲーム・オブ・スローンズの第6話の詳細',60,'2013-05-05',1250,0),
    (273,12,7,'The Bear and the Maiden Fair','ゲーム・オブ・スローンズの第7話の詳細',60,'2013-05-12',1200,0),
    (274,12,8,'Second Sons','ゲーム・オブ・Sローンズの第8話の詳細',60,'2013-05-19',1150,0),
    (275,12,9,'The Rains of Castamere','ゲーム・オブ・スローンズの第9話の詳細',60,'2013-05-26',1100,0),
    (276,12,10,'Mhysa','ゲーム・オブ・スローンズの第10話の詳細',60,'2013-06-02',1050,0),
    (277,13,1,'Two Swords','ゲーム・オブ・スローンズの第1話の詳細',60,'2014-04-06',1500,0),
    (278,13,2,'The Lion and the Rose','ゲーム・オブ・スローンズの第2話の詳細',60,'2014-04-13',1450,0),
    (279,13,3,'Breaker of Chains','ゲーム・オブ・スローンズの第3話の詳細',60,'2014-04-20',1400,0),
    (280,13,4,'Oathkeeper','ゲーム・オブ・スローンズの第4話の詳細',60,'2014-04-27',1350,0),
    (281,13,5,'First of His Name','ゲーム・オブ・スローンズの第5話の詳細',60,'2014-05-04',1300,0),
    (282,13,6,'The Laws of Gods and Men','ゲーム・オブ・スローンズの第6話の詳細',60,'2014-05-11',1250,0),
    (283,13,7,'Mockingbird','ゲーム・オブ・スローンズの第7話の詳細',60,'2014-05-18',1200,0),
    (284,13,8,'The Mountain and the Viper','ゲーム・オブ・スローンズの第8話の詳細',60,'2014-05-25',1150,0),
    (285,13,9,'The Watchers on the Wall','ゲーム・オブ・スローンズの第9話の詳細',60,'2014-06-01',1100,0),
    (286,13,10,'The Children','ゲーム・オブ・スローンズの第10話の詳細',60,'2014-06-08',1050,0),
    (287,14,1,'The Wars to Come','ゲーム・オブ・スローンズの第1話の詳細',60,'2015-04-12',1500,0),
    (288,14,2,'The House of Black and White','ゲーム・オブ・スローンズの第2話の詳細',60,'2015-04-19',1450,0),
    (289,14,3,'High Sparrow','ゲーム・オブ・スローンズの第3話の詳細',60,'2015-04-26',1400,0),
    (290,14,4,'Sons of the Harpy','ゲーム・オブ・スローンズの第4話の詳細',60,'2015-05-03',1350,0),
    (291,14,5,'Kill the Boy','ゲーム・オブ・スローンズの第5話の詳細',60,'2015-05-10',1300,0),
    (292,14,6,'Unbowed, Unbent, Unbroken','ゲーム・オブ・スローンズの第6話の詳細',60,'2015-05-17',1250,0),
    (293,14,7,'The Gift','ゲーム・オブ・スローンズの第7話の詳細',60,'2015-05-24',1200,0),
    (294,14,8,'Hardhome','ゲーム・オブ・スローンズの第8話の詳細',60,'2015-05-31',1150,0),
    (295,14,9,'The Dance of Dragons','ゲーム・オブ・スローンズの第9話の詳細',60,'2015-06-07',1100,0),
    (296,14,10,'Mother’s Mercy','ゲーム・オブ・スローンズの第10話の詳細',60,'2015-06-14',1050,0),
    (297,15,1,'The Red Woman','ゲーム・オブ・スローンズの第1話の詳細',60,'2016-04-24',1500,0),
    (298,15,2,'Home','ゲーム・オブ・スローンズの第2話の詳細',60,'2016-05-01',1450,0),
    (299,15,3,'Oathbreaker','ゲーム・オブ・スローンズの第3話の詳細',60,'2016-05-08',1400,0),
    (300,15,4,'Book of the Stranger','ゲーム・オブ・スローンズの第4話の詳細',60,'2016-05-15',1350,0),
    (301,15,5,'The Door','ゲーム・オブ・スローンズの第5話の詳細',60,'2016-05-22',1300,0),
    (302,15,6,'Blood of My Blood','ゲーム・オブ・スローンズの第6話の詳細',60,'2016-05-29',1250,0),
    (303,15,7,'The Broken Man','ゲーム・オブ・スローンズの第7話の詳細',60,'2016-06-05',1200,0),
    (304,15,8,'No One','ゲーム・オブ・スローンズの第8話の詳細',60,'2016-06-12',1150,0),
    (305,15,9,'Battle of the Bastards','ゲーム・オブ・スローンズの第9話の詳細',60,'2016-06-19',1100,0),
    (306,15,10,'The Winds of Winter','ゲーム・オブ・スローンズの第10話の詳細',60,'2016-06-26',1050,0),
    (307,16,1,'Dragonstone','ゲーム・オブ・スローンズの第1話の詳細',60,'2017-07-16',1500,0),
    (308,16,2,'Stormborn','ゲーム・オブ・スローンズの第2話の詳細',60,'2017-07-23',1450,0),
    (309,16,3,'The Queen’s Justice','ゲーム・オブ・スローンズの第3話の詳細',60,'2017-07-30',1400,0),
    (310,16,4,'The Spoils of War','ゲーム・オブ・スローンズの第4話の詳細',60,'2017-08-06',1350,0),
    (311,16,5,'Eastwatch','ゲーム・オブ・スローンズの第5話の詳細',60,'2017-08-13',1300,0),
    (312,16,6,'Beyond the Wall','ゲーム・オブ・スローンズの第6話の詳細',60,'2017-08-20',1250,0),
    (313,16,7,'The Dragon and the Wolf','ゲーム・オブ・スローンズの第7話の詳細',60,'2017-08-27',1200,0),
    (314,17,1,'Winterfell','ゲーム・オブ・スローンズの第1話の詳細',60,'2019-04-14',1500,0),
    (315,17,2,'A Knight of the Seven Kingdoms','ゲーム・オブ・スローンズの第2話の詳細',60,'2019-04-21',1450,0),
    (316,17,3,'The Long Night','ゲーム・オブ・スローンズの第3話の詳細',60,'2019-04-28',1400,0),
    (317,17,4,'The Last of the Starks','ゲーム・オブ・スローンズの第4話の詳細',60,'2019-05-05',1350,0),
    (318,17,5,'The Bells','ゲーム・オブ・スローンズの第5話の詳細',60,'2019-05-12',1300,0),
    (319,17,6,'Iron Throne','ゲーム・オブ・スローンズの第6話の詳細',60,'2019-05-19',1250,0),
    (320,18,1,'Chapter One: Stranger Things','ストレンジャー・シングスの第1話の詳細',50,'2016-07-15',2000,0),
    (321,18,2,'Chapter Two: The Weirdo on Maple Street','ストレンジャー・シングスの第2話の詳細',50,'2016-07-15',1950,0),
    (322,18,3,'Chapter Three: Holly, Jolly','ストレンジャー・シングスの第3話の詳細',50,'2016-07-15',1900,0),
    (323,18,4,'Chapter Four: The Body','ストレンジャー・シングスの第4話の詳細',50,'2016-07-15',1850,0),
    (324,18,5,'Chapter Five: The Flea and the Acrobat','ストレンジャー・シングスの第5話の詳細',50,'2016-07-15',1800,0),
    (325,18,6,'Chapter Six: The Monster','ストレンジャー・シングスの第6話の詳細',50,'2016-07-15',1750,0),
    (326,18,7,'Chapter Seven: The Bathtub','ストレンジャー・シングスの第7話の詳細',50,'2016-07-15',1700,0),
    (327,18,8,'Chapter Eight: The Upside Down','ストレンジャー・シングスの第8話の詳細',50,'2016-07-15',1650,0),
    (328,19,1,'Chapter One: Stranger Things 2','ストレンジャー・シングスの第1話の詳細',50,'2017-10-27',2100,0),
    (329,19,2,'Chapter Two: Madmax','ストレンジャー・シングスの第2話の詳細',50,'2017-10-27',2050,0),
    (330,19,3,'Chapter Three: The Pollywog','ストレンジャー・シングスの第3話の詳細',50,'2017-10-27',2000,0),
    (331,19,4,'Chapter Four: Will the Wise','ストレンジャー・シングスの第4話の詳細',50,'2017-10-27',1950,0),
    (332,19,5,'Chapter Five: Dig Dug','ストレンジャー・シングスの第5話の詳細',50,'2017-10-27',1900,0),
    (333,19,6,'Chapter Six: The Spy','ストレンジャー・シングスの第6話の詳細',50,'2017-10-27',1850,0),
    (334,19,7,'Chapter Seven: The Lost Sister','ストレンジャー・シングスの第7話の詳細',50,'2017-10-27',1800,0),
    (335,19,8,'Chapter Eight: The Mind Flayer','ストレンジャー・シングスの第8話の詳細',50,'2017-10-27',1750,0),
    (336,20,1,'Chapter One: Suzie, Do You Copy?','ストレンジャー・シングスの第1話の詳細',50,'2019-07-04',2200,0),
    (337,20,2,'Chapter Two: The Mall Rats','ストレンジャー・シングスの第2話の詳細',50,'2019-07-04',2150,0),
    (338,20,3,'Chapter Three: The Case of the Missing Lifeguard','ストレンジャー・シングスの第3話の詳細',50,'2019-07-04',2100,0),
    (339,20,4,'Chapter Four: The Sauna Test','ストレンジャー・シングスの第4話の詳細',50,'2019-07-04',2050,0),
    (340,20,5,'Chapter Five: The Flayed','ストレンジャー・シングスの第5話の詳細',50,'2019-07-04',2000,0),
    (341,20,6,'Chapter Six: E Pluribus Unum','ストレンジャー・シングスの第6話の詳細',50,'2019-07-04',1950,0),
    (342,20,7,'Chapter Seven: The Bite','ストレンジャー・シングスの第7話の詳細',50,'2019-07-04',1900,0),
    (343,20,8,'Chapter Eight: The Battle of Starcourt','ストレンジャー・シングスの第8話の詳細',50,'2019-07-04',1850,0),
    (344,21,1,'Chapter One: The Hellfire Club','ストレンジャー・シングスの第1話の詳細',60,'2022-05-27',2300,0),
    (345,21,2,'Chapter Two: Vecna’s Curse','ストレンジャー・シングスの第2話の詳細',60,'2022-05-27',2250,0),
    (346,21,3,'Chapter Three: The Monster and the Superhero','ストレンジャー・シングスの第3話の詳細',60,'2022-05-27',2200,0),
    (347,21,4,'Chapter Four: Dear Billy','ストレンジャー・シングスの第4話の詳細',60,'2022-05-27',2150,0),
    (348,21,5,'Chapter Five: The Nina Project','ストレンジャー・シングスの第5話の詳細',60,'2022-05-27',2100,0),
    (349,21,6,'Chapter Six: The Dive','ストレンジャー・シングスの第6話の詳細',60,'2022-05-27',2050,0),
    (350,21,7,'Chapter Seven: The Massacre at Hawkins Lab','ストレンジャー・シングスの第7話の詳細',60,'2022-05-27',2000,0),
    (351,21,8,'Chapter Eight: Papa','ストレンジャー・シングスの第8話の詳細',60,'2022-05-27',1950,0),
    (352,21,9,'Chapter Nine: The Piggyback','ストレンジャー・シングスの第9話の詳細',60,'2022-05-27',1900,0),
    (353,22,1,'ショーシャンクの空に','ショーシャンクの空にの詳細',150,'1994-09-23',5000,1),
    (354,23,1,'インターステラー','インターステラーの詳細',180,'2014-11-07',5500,1),
    (355,24,1,'2001年宇宙の旅','2001年宇宙の旅の詳細',150,'1968-04-03',4800,1),
    (356,25,1,'マッドマックス 怒りのデスロード','マッドマックス 怒りのデスロードの詳細',120,'2015-05-15',5100,1),
    (357,26,1,'タイタニック','タイタニックの詳細',200,'1997-12-19',6000,1),
    (358,27,1,'ターミナル','ターミナルの詳細',120,'2004-06-18',4500,1),
    (359,28,1,'プラダを着た悪魔','プラダを着た悪魔の詳細',120,'2006-06-30',4700,1),
    (360,29,1,'トイ・ストーリー3','トイ・ストーリー3の詳細',120,'2010-06-18',5300,1),
    (361,30,1,'紅の豚','紅の豚の詳細',90,'1992-07-18',4900,1),
    (362,31,1,'ニュース360','ニュース360の詳細',30,'2024-08-01',1500,0),
    (363,31,2,'ニュース360','ニュース360の詳細',30,'2024-08-02',1600,0),
    (364,31,3,'ニュース360','ニュース360の詳細',30,'2024-08-03',1550,0),
    (365,31,4,'ニュース360','ニュース360の詳細',30,'2024-08-04',1700,0),
    (366,31,5,'ニュース360','ニュース360の詳細',30,'2024-08-05',1650,0),
    (367,32,1,'今日のニュースチェック','今日のニュースチェックの詳細',25,'2024-08-01',1400,0),
    (368,32,2,'今日のニュースチェック','今日のニュースチェックの詳細',25,'2024-08-02',1450,0),
    (369,32,3,'今日のニュースチェック','今日のニュースチェックの詳細',25,'2024-08-03',1500,0),
    (370,32,4,'今日のニュースチェック','今日のニュースチェックの詳細',25,'2024-08-04',1550,0),
    (371,32,5,'今日のニュースチェック','今日のニュースチェックの詳細',25,'2024-08-05',1600,0),
    (372,33,1,'速報！ニュースライン','速報！ニュースラインの詳細',45,'2024-08-01',1700,0),
    (373,33,2,'速報！ニュースライン','速報！ニュースラインの詳細',45,'2024-08-02',1750,0),
    (374,33,3,'速報！ニュースライン','速報！ニュースラインの詳細',45,'2024-08-03',1800,0),
    (375,33,4,'速報！ニュースライン','速報！ニュースラインの詳細',45,'2024-08-04',1850,0),
    (376,33,5,'速報！ニュースライン','速報！ニュースラインの詳細',45,'2024-08-05',1900,0),
    (377,34,1,'最新ニュースデイリー','最新ニュースデイリーの詳細',35,'2024-08-01',1300,0),
    (378,34,2,'最新ニュースデイリー','最新ニュースデイリーの詳細',35,'2024-08-02',1350,0),
    (379,34,3,'最新ニュースデイリー','最新ニュースデイリーの詳細',35,'2024-08-03',1400,0),
    (380,34,4,'最新ニュースデイリー','最新ニュースデイリーの詳細',35,'2024-08-04',1450,0),
    (381,34,5,'最新ニュースデイリー','最新ニュースデイリーの詳細',35,'2024-08-05',1500,0),
    (382,35,1,'グローバルニュース','グローバルニュースの詳細',50,'2024-08-01',1600,0),
    (383,35,2,'グローバルニュース','グローバルニュースの詳細',50,'2024-08-02',1650,0),
    (384,35,3,'グローバルニュース','グローバルニュースの詳細',50,'2024-08-03',1700,0),
    (385,35,4,'グローバルニュース','グローバルニュースの詳細',50,'2024-08-04',1750,0),
    (386,35,5,'グローバルニュース','グローバルニュースの詳細',50,'2024-08-05',1800,0),
    (387,31,6,'ニュース360','ニュース360の詳細',30,'2024-08-06',1650,0),
    (388,31,7,'ニュース360','ニュース360の詳細',30,'2024-08-07',1650,0),
    (389,31,8,'ニュース360','ニュース360の詳細',30,'2024-08-08',1650,0),
    (390,32,6,'今日のニュースチェック','今日のニュースチェックの詳細',30,'2024-08-06',1650,0),
    (391,32,7,'今日のニュースチェック','今日のニュースチェックの詳細',30,'2024-08-07',1650,0),
    (392,32,8,'今日のニュースチェック','今日のニュースチェックの詳細',30,'2024-08-08',1650,0),
    (393,33,6,'速報！ニュースライン','速報！ニュースラインの詳細',30,'2024-08-06',1650,0),
    (394,33,7,'速報！ニュースライン','速報！ニュースラインの詳細',30,'2024-08-07',1650,0),
    (395,33,8,'速報！ニュースライン','速報！ニュースラインの詳細',30,'2024-08-08',1650,0),
    (396,34,6,'最新ニュースデイリー','最新ニュースデイリーの詳細',30,'2024-08-06',1650,0),
    (397,34,7,'最新ニュースデイリー','最新ニュースデイリーの詳細',30,'2024-08-07',1650,0),
    (398,34,8,'最新ニュースデイリー','最新ニュースデイリーの詳細',30,'2024-08-08',1650,0),
    (399,35,6,'グローバルニュース','グローバルニュースの詳細',30,'2024-08-06',1650,0),
    (400,35,7,'グローバルニュース','グローバルニュースの詳細',30,'2024-08-07',1650,0),
    (401,35,8,'グローバルニュース','グローバルニュースの詳細',30,'2024-08-08',1650,0);


INSERT INTO `channel_programs` (`id`,`channel_id`,`episode_id`,`start_time`,`end_time`,`views`) VALUES 
    (1,1,1,'2024-08-01 08:00:00','2024-08-01 08:30:00',300),
    (2,1,2,'2024-08-01 08:30:00','2024-08-01 09:00:00',320),
    (3,1,3,'2024-08-01 09:00:00','2024-08-01 09:30:00',300),
    (4,1,4,'2024-08-01 09:30:00','2024-08-01 10:00:00',320),
    (5,1,5,'2024-08-01 10:00:00','2024-08-01 10:30:00',300),
    (6,1,6,'2024-08-01 10:30:00','2024-08-01 11:00:00',320),
    (7,1,38,'2024-08-01 11:00:00','2024-08-01 11:30:00',300),
    (8,1,39,'2024-08-01 11:30:00','2024-08-01 12:00:00',320),
    (9,1,40,'2024-08-01 12:00:00','2024-08-01 12:30:00',300),
    (10,1,41,'2024-08-01 12:30:00','2024-08-01 13:00:00',320),
    (11,1,42,'2024-08-01 13:00:00','2024-08-01 13:30:00',300),
    (12,1,43,'2024-08-01 13:30:00','2024-08-01 14:00:00',320),
    (13,1,45,'2024-08-01 14:00:00','2024-08-01 14:30:00',300),
    (14,1,46,'2024-08-01 14:30:00','2024-08-01 15:00:00',320),
    (15,1,81,'2024-08-01 15:00:00','2024-08-01 15:30:00',300),
    (16,1,82,'2024-08-01 15:30:00','2024-08-01 16:00:00',320),
    (17,1,83,'2024-08-01 16:00:00','2024-08-01 16:30:00',300),
    (18,1,84,'2024-08-01 16:30:00','2024-08-01 17:00:00',320),
    (19,1,94,'2024-08-01 17:00:00','2024-08-01 17:30:00',300),
    (20,1,95,'2024-08-01 17:30:00','2024-08-01 18:00:00',320),
    (21,2,120,'2024-08-01 08:00:00','2024-08-01 08:30:00',300),
    (22,2,121,'2024-08-01 08:30:00','2024-08-01 09:00:00',320),
    (23,2,122,'2024-08-01 09:00:00','2024-08-01 09:30:00',300),
    (24,2,123,'2024-08-01 09:30:00','2024-08-01 10:00:00',320),
    (25,2,124,'2024-08-01 10:00:00','2024-08-01 10:30:00',300),
    (26,2,125,'2024-08-01 10:30:00','2024-08-01 11:00:00',320),
    (27,2,126,'2024-08-01 11:00:00','2024-08-01 11:30:00',300),
    (28,2,127,'2024-08-01 11:30:00','2024-08-01 12:00:00',320),
    (29,2,128,'2024-08-01 12:00:00','2024-08-01 12:30:00',300),
    (30,2,129,'2024-08-01 12:30:00','2024-08-01 13:00:00',320),
    (31,2,130,'2024-08-01 13:00:00','2024-08-01 13:30:00',300),
    (32,2,146,'2024-08-01 13:30:00','2024-08-01 14:00:00',320),
    (33,2,147,'2024-08-01 14:00:00','2024-08-01 14:30:00',300),
    (34,2,148,'2024-08-01 14:30:00','2024-08-01 15:00:00',320),
    (35,2,149,'2024-08-01 15:00:00','2024-08-01 15:30:00',300),
    (36,2,150,'2024-08-01 15:30:00','2024-08-01 16:00:00',320),
    (37,2,151,'2024-08-01 16:00:00','2024-08-01 16:30:00',300),
    (38,2,152,'2024-08-01 16:30:00','2024-08-01 17:00:00',320),
    (39,2,153,'2024-08-01 17:00:00','2024-08-01 17:30:00',300),
    (40,2,154,'2024-08-01 17:30:00','2024-08-01 18:00:00',320),
    (41,3,247,'2024-08-01 09:00:00','2024-08-01 10:00:00',300),
    (42,3,248,'2024-08-01 10:00:00','2024-08-01 11:00:00',300),
    (43,3,249,'2024-08-01 11:00:00','2024-08-01 12:00:00',300),
    (44,3,250,'2024-08-01 12:00:00','2024-08-01 13:00:00',300),
    (45,3,251,'2024-08-01 13:00:00','2024-08-01 14:00:00',300),
    (46,3,252,'2024-08-01 14:00:00','2024-08-01 15:00:00',300),
    (47,3,253,'2024-08-01 15:00:00','2024-08-01 16:00:00',300),
    (48,3,254,'2024-08-01 16:00:00','2024-08-01 17:00:00',300),
    (49,3,255,'2024-08-01 17:00:00','2024-08-01 18:00:00',300),
    (50,4,320,'2024-08-01 10:00:00','2024-08-01 11:00:00',300),
    (51,4,321,'2024-08-01 11:00:00','2024-08-01 12:00:00',300),
    (52,4,322,'2024-08-01 12:00:00','2024-08-01 13:00:00',300),
    (53,4,323,'2024-08-01 13:00:00','2024-08-01 14:00:00',300),
    (54,4,324,'2024-08-01 14:00:00','2024-08-01 15:00:00',300),
    (55,4,325,'2024-08-01 15:00:00','2024-08-01 16:00:00',300),
    (56,4,326,'2024-08-01 16:00:00','2024-08-01 17:00:00',300),
    (57,4,327,'2024-08-01 17:00:00','2024-08-01 18:00:00',300),
    (58,5,361,'2024-08-01 08:00:00','2024-08-01 10:00:00',300),
    (59,5,355,'2024-08-01 12:00:00','2024-08-01 14:00:00',300),
    (60,5,359,'2024-08-01 17:00:00','2024-08-01 19:00:00',320),
    (61,6,362,'2024-08-01 08:00:00','2024-08-01 09:00:00',250),
    (62,6,382,'2024-08-01 17:30:00','2024-08-01 18:30:00',270),
    (63,1,5,'2024-08-02 08:00:00','2024-08-02 08:30:00',310),
    (64,1,6,'2024-08-02 08:30:00','2024-08-02 09:00:00',330),
    (65,2,7,'2024-08-02 18:00:00','2024-08-02 18:30:00',260),
    (66,2,8,'2024-08-02 18:30:00','2024-08-02 19:00:00',280),
    (67,1,9,'2024-08-03 08:00:00','2024-08-03 08:30:00',320),
    (68,1,10,'2024-08-03 08:30:00','2024-08-03 09:00:00',340),
    (69,2,11,'2024-08-03 18:00:00','2024-08-03 18:30:00',270),
    (70,2,12,'2024-08-03 18:30:00','2024-08-03 19:00:00',290),
    (71,1,13,'2024-08-04 08:00:00','2024-08-04 08:30:00',330),
    (72,1,14,'2024-08-04 08:30:00','2024-08-04 09:00:00',350),
    (73,2,15,'2024-08-04 18:00:00','2024-08-04 18:30:00',280),
    (74,2,16,'2024-08-04 18:30:00','2024-08-04 19:00:00',300),
    (75,1,17,'2024-08-05 08:00:00','2024-08-05 08:30:00',340),
    (76,1,18,'2024-08-05 08:30:00','2024-08-05 09:00:00',360),
    (77,2,19,'2024-08-05 18:00:00','2024-08-05 18:30:00',290),
    (78,2,20,'2024-08-05 18:30:00','2024-08-05 19:00:00',310),
    (79,1,21,'2024-08-06 08:00:00','2024-08-06 08:30:00',350),
    (80,1,22,'2024-08-06 08:30:00','2024-08-06 09:00:00',370),
    (81,2,23,'2024-08-06 18:00:00','2024-08-06 18:30:00',300),
    (82,2,24,'2024-08-06 18:30:00','2024-08-06 19:00:00',320),
    (83,1,7,'2024-08-07 08:00:00','2024-08-07 08:30:00',300),
    (84,1,8,'2024-08-07 08:30:00','2024-08-07 09:00:00',320),
    (85,1,9,'2024-08-07 09:00:00','2024-08-07 09:30:00',300),
    (86,1,10,'2024-08-07 09:30:00','2024-08-07 10:00:00',320),
    (87,1,11,'2024-08-07 10:00:00','2024-08-07 10:30:00',300),
    (88,1,12,'2024-08-07 10:30:00','2024-08-07 11:00:00',320),
    (89,1,47,'2024-08-07 11:00:00','2024-08-07 11:30:00',300),
    (90,1,48,'2024-08-07 11:30:00','2024-08-07 12:00:00',320),
    (91,1,49,'2024-08-07 12:00:00','2024-08-07 12:30:00',300),
    (92,1,50,'2024-08-07 12:30:00','2024-08-07 13:00:00',320),
    (93,1,51,'2024-08-07 13:00:00','2024-08-07 13:30:00',300),
    (94,1,52,'2024-08-07 13:30:00','2024-08-07 14:00:00',320),
    (95,1,53,'2024-08-07 14:00:00','2024-08-07 14:30:00',300),
    (96,1,54,'2024-08-07 14:30:00','2024-08-07 15:00:00',320),
    (97,1,85,'2024-08-07 15:00:00','2024-08-07 15:30:00',300),
    (98,1,86,'2024-08-07 15:30:00','2024-08-07 16:00:00',320),
    (99,1,87,'2024-08-07 16:00:00','2024-08-07 16:30:00',300),
    (100,1,88,'2024-08-07 16:30:00','2024-08-07 17:00:00',320),
    (101,1,96,'2024-08-07 17:00:00','2024-08-07 17:30:00',300),
    (102,1,97,'2024-08-07 17:30:00','2024-08-07 18:00:00',320),
    (103,2,131,'2024-08-07 08:00:00','2024-08-07 08:30:00',300),
    (104,2,132,'2024-08-07 08:30:00','2024-08-07 09:00:00',320),
    (105,2,133,'2024-08-07 09:00:00','2024-08-07 09:30:00',300),
    (106,2,134,'2024-08-07 09:30:00','2024-08-07 10:00:00',320),
    (107,2,135,'2024-08-07 10:00:00','2024-08-07 10:30:00',300),
    (108,2,136,'2024-08-07 10:30:00','2024-08-07 11:00:00',320),
    (109,2,137,'2024-08-07 11:00:00','2024-08-07 11:30:00',300),
    (110,2,138,'2024-08-07 11:30:00','2024-08-07 12:00:00',320),
    (111,2,139,'2024-08-07 12:00:00','2024-08-07 12:30:00',300),
    (112,2,140,'2024-08-07 12:30:00','2024-08-07 13:00:00',320),
    (113,2,141,'2024-08-07 13:00:00','2024-08-07 13:30:00',300),
    (114,2,155,'2024-08-07 13:30:00','2024-08-07 14:00:00',320),
    (115,2,156,'2024-08-07 14:00:00','2024-08-07 14:30:00',300),
    (116,2,157,'2024-08-07 14:30:00','2024-08-07 15:00:00',320),
    (117,2,158,'2024-08-07 15:00:00','2024-08-07 15:30:00',300),
    (118,2,159,'2024-08-07 15:30:00','2024-08-07 16:00:00',320),
    (119,2,160,'2024-08-07 16:00:00','2024-08-07 16:30:00',300),
    (120,2,161,'2024-08-07 16:30:00','2024-08-07 17:00:00',320),
    (121,2,162,'2024-08-07 17:00:00','2024-08-07 17:30:00',300),
    (122,2,163,'2024-08-07 17:30:00','2024-08-07 18:00:00',320),
    (123,3,256,'2024-08-07 09:00:00','2024-08-07 10:00:00',300),
    (124,3,257,'2024-08-07 10:00:00','2024-08-07 11:00:00',300),
    (125,3,258,'2024-08-07 11:00:00','2024-08-07 12:00:00',300),
    (126,3,259,'2024-08-07 12:00:00','2024-08-07 13:00:00',300),
    (127,3,260,'2024-08-07 13:00:00','2024-08-07 14:00:00',300),
    (128,3,261,'2024-08-07 14:00:00','2024-08-07 15:00:00',300),
    (129,3,262,'2024-08-07 15:00:00','2024-08-07 16:00:00',300),
    (130,3,263,'2024-08-07 16:00:00','2024-08-07 17:00:00',300),
    (131,3,264,'2024-08-07 17:00:00','2024-08-07 18:00:00',300),
    (132,4,328,'2024-08-07 10:00:00','2024-08-07 11:00:00',300),
    (133,4,329,'2024-08-07 11:00:00','2024-08-07 12:00:00',300),
    (134,4,330,'2024-08-07 12:00:00','2024-08-07 13:00:00',300),
    (135,4,331,'2024-08-07 13:00:00','2024-08-07 14:00:00',300),
    (136,4,332,'2024-08-07 14:00:00','2024-08-07 15:00:00',300),
    (137,4,333,'2024-08-07 15:00:00','2024-08-07 16:00:00',300),
    (138,4,334,'2024-08-07 16:00:00','2024-08-07 17:00:00',300),
    (139,4,335,'2024-08-07 17:00:00','2024-08-07 18:00:00',300),
    (140,5,354,'2024-08-07 08:00:00','2024-08-07 10:00:00',300),
    (141,5,357,'2024-08-07 12:00:00','2024-08-07 15:00:00',300),
    (142,5,360,'2024-08-07 17:00:00','2024-08-07 19:00:00',320),
    (143,6,394,'2024-08-07 12:00:00','2024-08-07 13:00:00',250),
    (144,6,400,'2024-08-07 17:30:00','2024-08-07 18:30:00',270),
    (145,1,29,'2024-08-08 08:00:00','2024-08-08 08:30:00',370),
    (146,1,30,'2024-08-08 08:30:00','2024-08-08 09:00:00',390),
    (147,2,31,'2024-08-08 18:00:00','2024-08-08 18:30:00',320),
    (148,2,32,'2024-08-08 18:30:00','2024-08-08 19:00:00',340);
    
COMMIT;
